-- 插入 productTypes 表的測試資料
INSERT INTO `Mems`.`productTypes` (`productType_id`, `productType_name`)
VALUES 
    ('PT0001', '電子產品'),
    ('PT0002', '家居用品'),
    ('PT0003', '服裝'),
    ('PT0004', '食品'),
    ('PT0005', '飲料'),
    ('PT0006', '圖書'),
    ('PT0007', '文具'),
    ('PT0008', '玩具'),
    ('PT0009', '運動器材'),
    ('PT0010', '家電');

-- 插入 products 表的測試資料
INSERT INTO `Mems`.`products` (`product_id`, `productType_id`, `product_name`, `product_price`, `product_description`)
VALUES 
	('P0001', 'PT0001', '智能手機', 3000, '最新款智能手機'),
    ('P0002', 'PT0002', '沙發', 2000, '高品質沙發'),
    ('P0003', 'PT0003', 'T恤', 150, '舒適T恤'),
    ('P0004', 'PT0004', '餅乾', 20, '美味餅乾'),
    ('P0005', 'PT0005', '礦泉水', 10, '純淨水源'),
    ('P0006', 'PT0006', '小說', 100, '暢銷小說'),
    ('P0007', 'PT0007', 'Macbook', 50, '精美筆記本'),
    ('P0008', 'PT0008', '積木', 300, '益智積木'),
    ('P0009', 'PT0009', '跑步機', 5000, '家用跑步機'),
    ('P0010', 'PT0010', '掃地機器人', 5000, 'X10+掃地機器人'),
    -- 電子產品類別
    ('P0011', 'PT0001', '筆記型電腦', 15000, '高效能筆記型電腦'),
    ('P0012', 'PT0001', '平板電腦', 8000, '輕薄平板電腦'),
    ('P0013', 'PT0001', '智慧手錶', 2000, '多功能智慧手錶'),
    ('P0014', 'PT0001', '藍牙耳機', 1500, '無線藍牙耳機'),
    ('P0015', 'PT0001', '遊戲主機', 10000, '最新款遊戲主機'),

    -- 家居用品類別
    ('P0016', 'PT0002', '床墊', 3000, '舒適床墊'),
    ('P0017', 'PT0002', '衣櫥', 5000, '大型衣櫥'),
    ('P0018', 'PT0002', '書桌', 2000, '木質書桌'),
    ('P0019', 'PT0002', '餐椅', 800, '舒適餐椅'),
    ('P0020', 'PT0002', '落地燈', 1200, '高質感落地燈'),

    -- 服裝類別
    ('P0021', 'PT0003', '牛仔褲', 800, '經典牛仔褲'),
    ('P0022', 'PT0003', '連帽外套', 1200, '時尚連帽外套'),
    ('P0023', 'PT0003', '運動鞋', 1500, '舒適運動鞋'),
    ('P0024', 'PT0003', '襯衫', 700, '白襯衫'),
    ('P0025', 'PT0003', '皮帶', 300, '真皮皮帶'),

    -- 食品類別
    ('P0026', 'PT0004', '巧克力', 50, '進口巧克力'),
    ('P0027', 'PT0004', '薯片', 30, '香脆薯片'),
    ('P0028', 'PT0004', '麵包', 25, '新鮮麵包'),
    ('P0029', 'PT0004', '即食麵', 15, '方便即食麵'),
    ('P0030', 'PT0004', '燕麥片', 40, '健康燕麥片'),

    -- 飲料類別
    ('P0031', 'PT0005', '可樂', 20, '冰涼可樂'),
    ('P0032', 'PT0005', '果汁', 25, '新鮮果汁'),
    ('P0033', 'PT0005', '綠茶', 15, '無糖綠茶'),
    ('P0034', 'PT0005', '咖啡', 40, '速溶咖啡'),
    ('P0035', 'PT0005', '牛奶', 30, '鮮奶'),

    -- 圖書類別
    ('P0036', 'PT0006', '歷史小說', 200, '引人入勝的歷史小說'),
    ('P0037', 'PT0006', '科幻小說', 250, '未來世界的科幻小說'),
    ('P0038', 'PT0006', '食譜', 150, '健康美食食譜'),
    ('P0039', 'PT0006', '兒童讀物', 100, '色彩繽紛的兒童讀物'),
    ('P0040', 'PT0006', '心理學書籍', 300, '深度心理學書籍'),

    -- 文具類別
    ('P0041', 'PT0007', '原子筆', 10, '書寫流利的原子筆'),
    ('P0042', 'PT0007', '筆記本', 50, '精美筆記本'),
    ('P0043', 'PT0007', '尺規', 20, '透明尺規'),
    ('P0044', 'PT0007', '便利貼', 15, '多彩便利貼'),
    ('P0045', 'PT0007', '迴紋針', 5, '小型迴紋針'),

    -- 玩具類別
    ('P0046', 'PT0008', '玩具車', 100, '迷你玩具車'),
    ('P0047', 'PT0008', '洋娃娃', 200, '可愛洋娃娃'),
    ('P0048', 'PT0008', '積木組', 300, '創意積木組'),
    ('P0049', 'PT0008', '拼圖', 150, '益智拼圖'),
    ('P0050', 'PT0008', '遙控飛機', 500, '無線遙控飛機'),

    -- 運動器材類別
    ('P0051', 'PT0009', '健身球', 250, '瑜伽健身球'),
    ('P0052', 'PT0009', '跳繩', 50, '專業跳繩'),
    ('P0053', 'PT0009', '啞鈴', 500, '可調節啞鈴'),
    ('P0054', 'PT0009', '籃球', 300, '標準籃球'),
    ('P0055', 'PT0009', '運動水壺', 100, '防漏運動水壺'),

    -- 家電類別
    ('P0056', 'PT0010', '吸塵器', 2000, '大吸力吸塵器'),
    ('P0057', 'PT0010', '電風扇', 800, '靜音電風扇'),
    ('P0058', 'PT0010', '烤麵包機', 600, '多功能烤麵包機'),
    ('P0059', 'PT0010', '咖啡機', 3000, '自動咖啡機'),
    ('P0060', 'PT0010', '電熱水壺', 400, '快速加熱電熱水壺');
    
     -- 插入 customers 表的測試資料
INSERT INTO `Mems`.`customers` (`customer_id`, `customer_name`, `address`)
VALUES 
    ('C0001', '張三供應商', '台北市信義區'),
    ('C0002', '李四供應商', '新北市板橋區'),
    ('C0003', '王五供應商', '台中市西屯區'),
    ('C0004', '趙六供應商', '高雄市左營區'),
    ('C0005', '孫七供應商', '台南市安平區'),
    ('C0006', '周八供應商', '新竹市東區'),
    ('C0007', '吳九供應商', '桃園市中壢區'),
    ('C0008', '鄭十供應商', '彰化縣彰化市'),
    ('C0009', '錢十一供應商', '苗栗縣竹南鎮'),
    ('C0010', '王十二供應商', '基隆市中正區');


-- 插入 salesOrders 表的測試資料
INSERT INTO `Mems`.`salesOrders` (`order_id`,`employee_id`, `customer_id`, `discount`)
VALUES 
    ('SO0001', 1, 'C0001', 0.1),
    ('SO0002', 1, 'C0002', 0.2),
    ('SO0003', 1, 'C0003', 0.15),
    ('SO0004', 1, 'C0004', 0),
    ('SO0005', 1, 'C0005', 0.05),
    ('SO0006', 1, 'C0006', 0.3),
    ('SO0007', 1, 'C0007', 0.1),
    ('SO0008', 1, 'C0008', 0.2),
    ('SO0009', 1, 'C0009', 0),
    ('SO0010', 1, 'C0010', 0.25);

-- 插入 salesOrderItems 表的測試資料
INSERT INTO `Mems`.`salesOrderItems` (`order_id`, `product_id`, `Qty`)
VALUES 
    ('SO0001', 'P0001', 2),
    ('SO0002', 'P0002', 1),
    ('SO0003', 'P0003', 3),
    ('SO0004', 'P0004', 5),
    ('SO0005', 'P0005', 10),
    ('SO0006', 'P0006', 1),
    ('SO0007', 'P0007', 4),
    ('SO0008', 'P0008', 2),
    ('SO0009', 'P0009', 1),
    ('SO0010', 'P0010', 3);

-- 插入 purchaseOrders 表的測試資料
INSERT INTO `Mems`.`purchaseOrders` (`purchaseOrder_id`)
VALUES 
    ('PO0001'),
    ('PO0002'),
    ('PO0003'),
    ('PO0004'),
    ('PO0005'),
    ('PO0006'),
    ('PO0007'),
    ('PO0008'),
    ('PO0009'),
    ('PO0010');

-- 插入 purchaseOrderItems 表的測試資料
INSERT INTO `Mems`.`purchaseOrderItems` (`purchaseOrder_id`, `product_id`, `Qty`)
VALUES 
    ('PO0001', 'P0001', 10),
    ('PO0002', 'P0002', 5),
    ('PO0003', 'P0003', 20),
    ('PO0004', 'P0004', 15),
    ('PO0005', 'P0005', 25),
    ('PO0006', 'P0006', 10),
    ('PO0007', 'P0007', 30),
    ('PO0008', 'P0008', 8),
    ('PO0009', 'P0009', 12),
    ('PO0010', 'P0010', 6),
    
    -- PO001 入庫資料
    ('PO0001', 'P0011', 100),
    ('PO0001', 'P0012', 50),
    ('PO0001', 'P0013', 80),
    ('PO0001', 'P0014', 60),
    ('PO0001', 'P0015', 30),

    -- PO002 入庫資料
    ('PO0002', 'P0016', 40),
    ('PO0002', 'P0017', 25),
    ('PO0002', 'P0018', 30),
    ('PO0002', 'P0019', 45),
    ('PO0002', 'P0020', 50),

    -- PO003 入庫資料
    ('PO0003', 'P0021', 100),
    ('PO0003', 'P0022', 90),
    ('PO0003', 'P0023', 75),
    ('PO0003', 'P0024', 60),
    ('PO0003', 'P0025', 50),

    -- PO004 入庫資料
    ('PO0004', 'P0026', 120),
    ('PO0004', 'P0027', 80),
    ('PO0004', 'P0028', 70),
    ('PO0004', 'P0029', 90),
    ('PO0004', 'P0030', 60),

    -- PO005 入庫資料
    ('PO0005', 'P0031', 50),
    ('PO0005', 'P0032', 55),
    ('PO0005', 'P0033', 65),
    ('PO0005', 'P0034', 45),
    ('PO0005', 'P0035', 40);
    
   
